date,time,Temperature,Humidity,WindDir,WindSpe
2023-01-14,06:00:00,23.3,75.5,249.0,0.519
2023-01-14,07:00:00,23.1,75.7,252.0,0.793
2023-01-14,08:00:00,23.2,75.7,181.0,1.16
2023-01-14,09:00:00,23.7,74.3,213.0,1.08
2023-01-14,10:00:00,25.0,70.9,201.0,1.13
2023-01-14,11:00:00,26.9,64.7,121.0,1.2
2023-01-14,12:00:00,28.6,59.5,123.0,1.25
2023-01-14,13:00:00,29.6,55.5,147.0,1.07
2023-01-14,14:00:00,29.9,54.9,169.0,1.54
2023-01-14,15:00:00,31.4,49.5,163.0,1.61
2023-01-14,16:00:00,31.1,50.1,152.0,0.996
2023-01-14,17:00:00,30.5,52.0,164.0,0.901
2023-01-15,06:00:00,22.2,85.8,238.0,1.37
2023-01-15,07:00:00,22.1,85.5,166.0,0.761
2023-01-15,08:00:00,22.4,86.3,221.0,0.503
2023-01-15,09:00:00,22.6,85.4,293.0,0.695
2023-01-15,10:00:00,22.9,85.0,189.0,0.397
2023-01-15,11:00:00,23.4,84.9,181.0,0.543
2023-01-15,12:00:00,24.7,79.6,220.0,0.971
2023-01-15,13:00:00,25.1,78.6,148.0,0.727
2023-01-15,14:00:00,24.8,78.8,122.0,0.672
2023-01-15,15:00:00,25.6,75.9,162.0,0.496
2023-01-15,16:00:00,26.0,74.0,176.0,0.524
2023-01-15,17:00:00,26.1,73.6,229.0,0.921
2023-01-16,06:00:00,23.7,82.3,236.0,0.386
2023-01-16,07:00:00,23.6,81.4,246.0,0.418
2023-01-16,08:00:00,24.1,80.4,217.0,0.897
2023-01-16,09:00:00,25.4,76.2,163.0,1.68
2023-01-16,10:00:00,27.0,70.9,124.0,1.16
2023-01-16,11:00:00,27.5,66.8,209.0,0.957
2023-01-16,12:00:00,28.7,62.0,196.0,0.912
2023-01-16,13:00:00,29.8,58.2,156.0,0.955
2023-01-16,14:00:00,29.3,62.2,138.0,0.893
2023-01-16,15:00:00,29.8,60.6,159.0,1.55
2023-01-16,16:00:00,29.7,59.7,168.0,1.23
2023-01-16,17:00:00,29.7,59.8,168.0,1.16
2023-01-17,06:00:00,23.8,78.4,257.0,0.568
2023-01-17,07:00:00,23.7,78.7,199.0,1.11
2023-01-17,08:00:00,23.8,77.7,143.0,1.13
2023-01-17,09:00:00,25.6,72.9,158.0,0.921
2023-01-17,10:00:00,26.6,69.4,101.0,1.15
2023-01-17,11:00:00,26.3,69.9,104.0,1.31
2023-01-17,12:00:00,26.4,70.1,92.7,1.49
2023-01-17,13:00:00,26.1,71.8,103.0,1.54
2023-01-17,14:00:00,27.8,64.8,108.0,1.55
2023-01-17,15:00:00,28.0,63.5,135.0,1.4
2023-01-17,16:00:00,27.5,62.9,132.0,1.31
2023-01-17,17:00:00,27.0,65.2,132.0,1.4
2023-01-18,06:00:00,23.2,81.0,129.0,0.381
2023-01-18,07:00:00,23.1,81.9,148.0,0.93
2023-01-18,08:00:00,23.4,81.2,199.0,1.59
2023-01-18,09:00:00,24.6,77.3,144.0,1.88
2023-01-18,10:00:00,26.0,73.1,143.0,1.57
2023-01-18,11:00:00,27.2,68.0,109.0,1.38
2023-01-18,12:00:00,28.9,61.3,98.4,1.68
2023-01-18,13:00:00,30.1,56.5,114.0,1.76
2023-01-18,14:00:00,30.9,54.2,106.0,1.45
2023-01-18,15:00:00,31.4,53.4,115.0,1.45
2023-01-18,16:00:00,30.3,56.0,101.0,1.31
2023-01-18,17:00:00,29.6,58.1,87.4,1.39
2023-01-19,06:00:00,23.0,85.9,226.0,0.468
2023-01-19,07:00:00,22.9,87.4,207.0,0.323
2023-01-19,08:00:00,23.3,87.4,209.0,0.164
2023-01-19,09:00:00,24.4,85.3,146.0,0.414
2023-01-19,10:00:00,24.8,83.6,112.0,0.641
2023-01-19,11:00:00,25.9,78.9,141.0,1.06
2023-01-19,12:00:00,27.2,73.3,119.0,1.4
2023-01-19,13:00:00,28.5,68.5,121.0,1.45
2023-01-19,14:00:00,29.0,65.9,120.0,1.34
2023-01-19,15:00:00,29.3,65.1,105.0,1.03
2023-01-19,16:00:00,28.8,67.5,102.0,1.36
2023-01-19,17:00:00,26.5,75.0,177.0,2.4
2023-01-20,06:00:00,22.5,84.0,233.0,0.384
2023-01-20,07:00:00,22.5,85.2,171.0,0.184
2023-01-20,08:00:00,23.3,83.7,113.0,0.525
2023-01-20,09:00:00,24.9,77.6,214.0,0.82
2023-01-20,10:00:00,25.8,74.4,87.3,0.95
2023-01-20,11:00:00,26.8,71.6,122.0,1.15
2023-01-20,12:00:00,27.2,71.3,100.0,1.31
2023-01-20,13:00:00,28.3,67.4,149.0,0.862
2023-01-20,14:00:00,28.1,67.3,165.0,0.893
2023-01-20,15:00:00,28.3,67.1,162.0,1.11
2023-01-20,16:00:00,28.2,67.0,157.0,0.962
2023-01-20,17:00:00,27.7,68.2,189.0,0.945
2023-01-21,06:00:00,23.7,75.1,297.0,0.249
2023-01-21,07:00:00,22.7,76.1,198.0,0.585
2023-01-21,08:00:00,24.3,72.7,168.0,0.653
2023-01-21,09:00:00,26.2,70.2,109.0,0.88
2023-01-21,10:00:00,27.1,67.1,133.0,1.02
2023-01-21,11:00:00,28.6,60.7,154.0,1.06
2023-01-21,12:00:00,29.7,57.2,112.0,1.21
2023-01-21,13:00:00,29.5,58.3,104.0,0.971
2023-01-21,14:00:00,30.8,54.6,188.0,1.21
2023-01-21,15:00:00,29.9,56.8,129.0,0.878
2023-01-21,16:00:00,29.7,57.8,103.0,0.596
2023-01-21,17:00:00,28.3,62.1,185.0,1.9
2023-01-22,06:00:00,22.7,84.7,176.0,0.37
2023-01-22,07:00:00,22.9,85.3,188.0,0.419
2023-01-22,08:00:00,23.3,84.8,168.0,0.219
2023-01-22,09:00:00,23.9,82.6,103.0,0.734
2023-01-22,10:00:00,24.4,80.7,90.8,0.818
2023-01-22,11:00:00,25.9,76.5,152.0,1.64
2023-01-22,12:00:00,27.3,71.5,122.0,1.43
2023-01-22,13:00:00,28.8,65.3,124.0,1.18
2023-01-22,14:00:00,29.9,61.6,115.0,1.29
2023-01-22,15:00:00,29.8,60.8,153.0,0.963
2023-01-22,16:00:00,30.0,59.7,94.2,1.07
2023-01-22,17:00:00,30.2,58.4,110.0,0.793
2023-01-23,06:00:00,24.8,76.4,138.0,0.668
2023-01-23,07:00:00,24.6,77.7,231.0,0.169
2023-01-23,08:00:00,25.9,74.5,205.0,0.607
2023-01-23,09:00:00,27.1,70.7,105.0,1.07
2023-01-23,10:00:00,28.0,66.3,200.0,1.02
2023-01-23,11:00:00,28.5,65.6,137.0,1.2
2023-01-23,12:00:00,28.3,65.6,138.0,1.07
2023-01-23,13:00:00,29.1,63.0,206.0,1.24
2023-01-23,14:00:00,29.6,62.1,199.0,0.807
2023-01-23,15:00:00,29.4,62.2,189.0,1.36
2023-01-23,16:00:00,26.0,78.6,251.0,0.758
2023-01-23,17:00:00,25.0,84.1,215.0,0.597
2023-01-24,06:00:00,24.4,79.0,221.0,0.556
2023-01-24,07:00:00,24.3,79.4,215.0,0.429
2023-01-24,08:00:00,24.6,78.6,254.0,0.82
2023-01-24,09:00:00,25.5,76.2,139.0,0.59
2023-01-24,10:00:00,27.2,70.7,184.0,0.857
2023-01-24,11:00:00,28.3,64.0,120.0,1.13
2023-01-24,12:00:00,29.8,61.4,161.0,1.25
2023-01-24,13:00:00,29.9,58.0,130.0,1.19
2023-01-24,14:00:00,29.2,63.3,138.0,1.03
2023-01-24,15:00:00,28.3,68.1,181.0,0.61
2023-01-24,16:00:00,28.0,69.8,94.8,0.7
2023-01-24,17:00:00,28.1,70.3,101.0,0.881
2023-01-25,06:00:00,25.0,75.6,188.0,0.556
2023-01-25,07:00:00,24.6,77.6,239.0,0.29
2023-01-25,08:00:00,25.3,77.0,219.0,1.06
2023-01-25,09:00:00,26.7,73.4,116.0,0.803
2023-01-25,10:00:00,28.1,69.5,139.0,0.973
2023-01-25,11:00:00,29.9,59.0,213.0,1.7
2023-01-25,12:00:00,31.0,50.5,239.0,2.59
2023-01-25,13:00:00,31.1,53.0,214.0,1.61
2023-01-25,14:00:00,31.4,51.9,238.0,0.905
2023-01-25,15:00:00,31.4,51.2,229.0,1.32
2023-01-25,16:00:00,30.7,55.0,241.0,2.25
2023-01-25,17:00:00,30.8,55.4,247.0,1.59
2023-01-26,06:00:00,24.7,78.5,246.0,0.295
2023-01-26,07:00:00,24.3,79.6,236.0,0.56
2023-01-26,08:00:00,24.1,80.6,194.0,1.48
2023-01-26,09:00:00,24.8,78.8,176.0,1.05
2023-01-26,10:00:00,25.3,77.5,93.0,0.911
2023-01-26,11:00:00,26.6,73.4,130.0,1.2
2023-01-26,12:00:00,28.4,67.1,97.3,1.39
2023-01-26,13:00:00,29.8,61.7,98.5,1.44
2023-01-26,14:00:00,30.6,59.5,144.0,1.25
2023-01-26,15:00:00,31.2,57.9,123.0,1.29
2023-01-26,16:00:00,32.0,55.4,130.0,1.15
2023-01-26,17:00:00,31.7,55.2,154.0,0.954
2023-01-27,06:00:00,23.8,81.9,250.0,1.26
2023-01-27,07:00:00,23.4,82.7,179.0,1.31
2023-01-27,08:00:00,23.8,82.6,156.0,0.968
2023-01-27,09:00:00,25.9,75.7,202.0,0.986
2023-01-27,10:00:00,26.1,75.4,199.0,1.73
2023-01-27,11:00:00,27.7,68.8,178.0,1.74
2023-01-27,12:00:00,28.3,66.1,180.0,0.823
2023-01-27,13:00:00,29.6,62.8,155.0,0.961
2023-01-27,14:00:00,29.6,64.0,205.0,1.32
2023-01-27,15:00:00,28.9,67.5,120.0,1.18
2023-01-27,16:00:00,26.3,79.0,218.0,0.965
2023-01-27,17:00:00,26.7,80.8,270.0,0.811
2023-01-28,06:00:00,24.4,79.6,143.0,0.503
2023-01-28,07:00:00,24.3,79.4,241.0,0.169
2023-01-28,08:00:00,24.5,79.9,220.0,0.273
2023-01-28,09:00:00,24.8,79.8,166.0,0.828
2023-01-28,10:00:00,24.4,81.3,100.0,1.41
2023-01-28,11:00:00,25.2,78.6,132.0,1.13
2023-01-28,12:00:00,25.9,76.1,110.0,1.15
2023-01-28,13:00:00,27.2,72.1,133.0,1.26
2023-01-28,14:00:00,28.8,66.8,115.0,1.22
2023-01-28,15:00:00,29.5,65.2,115.0,1.23
2023-01-28,16:00:00,29.0,66.2,97.5,1.19
2023-01-28,17:00:00,29.0,66.2,175.0,0.967
2023-01-30,06:00:00,23.8,88.8,201.0,0.1
2023-01-30,07:00:00,23.5,89.5,311.0,0.1
2023-01-30,08:00:00,23.6,90.1,211.0,0.288
2023-01-30,09:00:00,24.0,89.0,113.0,0.642
2023-01-30,10:00:00,24.1,87.3,180.0,0.662
2023-01-30,11:00:00,25.7,81.0,126.0,0.8
2023-01-30,12:00:00,26.9,76.4,85.6,0.935
2023-01-30,13:00:00,27.7,73.5,124.0,1.0
2023-01-30,14:00:00,26.8,76.0,126.0,0.935
2023-01-30,15:00:00,27.4,74.2,103.0,0.839
2023-01-30,16:00:00,28.3,72.7,103.0,0.775
2023-01-30,17:00:00,28.0,72.4,125.0,1.12
2023-02-01,06:00:00,24.85,77.85,259.0,0.715
2023-02-01,07:00:00,24.75,78.5,219.0,0.7
2023-02-01,08:00:00,25.05,78.5,195.5,0.975
2023-02-01,09:00:00,26.55,75.25,120.0,0.425
2023-02-01,10:00:00,28.15,67.0,231.5,1.335
2023-02-01,11:00:00,28.8,64.65,158.5,0.95
2023-02-01,12:00:00,30.4,60.55,184.5,1.59
2023-02-01,13:00:00,30.5,58.400000000000006,211.5,1.49
2023-02-01,14:00:00,30.9,56.05,226.0,1.895
2023-02-01,15:00:00,31.200000000000003,55.5,234.5,1.81
2023-02-01,16:00:00,30.85,55.5,236.5,1.99
2023-02-01,17:00:00,30.4,55.65,238.0,2.085
2023-02-02,06:00:00,24.85,81.35,219.0,0.9845
2023-02-02,07:00:00,24.85,82.2,222.5,0.9615
2023-02-02,08:00:00,25.55,80.4,233.0,1.335
2023-02-02,09:00:00,26.4,78.0,227.5,1.585
2023-02-02,10:00:00,28.05,71.05,246.5,1.825
2023-02-02,11:00:00,28.85,66.05,219.0,2.165
2023-02-02,12:00:00,28.55,65.69999999999999,238.5,1.7999999999999998
2023-02-02,13:00:00,27.9,67.1,234.5,1.725
2023-02-02,14:00:00,28.85,67.4,208.0,2.19
2023-02-02,15:00:00,29.5,65.44999999999999,208.5,2.045
2023-02-02,16:00:00,30.0,61.85,231.5,1.565
2023-02-02,17:00:00,29.65,59.65,227.0,1.565
2023-02-03,06:00:00,24.6,83.55000000000001,231.5,0.9845
2023-02-03,07:00:00,24.700000000000003,83.35,240.0,0.8705
2023-02-03,08:00:00,25.5,79.9,237.0,1.495
2023-02-03,09:00:00,26.8,73.3,240.5,2.135
2023-02-03,10:00:00,27.35,69.85,235.5,1.77
2023-02-03,11:00:00,27.5,70.1,187.5,0.9535
2023-02-03,12:00:00,27.0,74.69999999999999,130.5,0.8025
2023-02-03,13:00:00,27.65,73.5,126.5,0.8215
2023-02-03,14:00:00,28.15,71.65,137.5,0.6205
2023-02-03,15:00:00,29.6,65.30000000000001,115.5,0.91
2023-02-03,16:00:00,29.65,64.05,137.5,0.5085
2023-02-03,17:00:00,29.45,62.1,207.5,1.0025
2023-02-04,06:00:00,24.3,82.69999999999999,151.0,0.5025
2023-02-04,07:00:00,23.85,83.15,131.5,0.419
2023-02-04,08:00:00,24.25,82.0,148.0,0.603
2023-02-04,09:00:00,25.1,79.9,96.75,0.803
2023-02-04,10:00:00,25.4,79.75,103.25,0.631
2023-02-04,11:00:00,25.25,80.65,146.5,0.496
2023-02-04,12:00:00,25.45,80.7,176.0,1.0435
2023-02-04,13:00:00,26.8,77.0,153.0,1.0265
2023-02-04,14:00:00,27.25,75.1,163.5,1.415
2023-02-04,15:00:00,27.25,75.3,133.0,1.105
2023-02-04,16:00:00,27.65,73.75,156.5,0.934
2023-02-04,17:00:00,25.85,79.0,229.0,1.39
2023-02-05,06:00:00,24.85,81.94999999999999,267.5,1.235
2023-02-05,07:00:00,24.4,81.5,236.5,2.76
2023-02-05,08:00:00,23.65,84.65,215.0,3.1100000000000003
2023-02-05,09:00:00,24.6,82.65,249.0,2.43
2023-02-05,10:00:00,26.0,78.15,268.5,1.885
2023-02-05,11:00:00,26.45,76.65,234.5,2.145
2023-02-05,12:00:00,27.9,71.4,225.5,1.95
2023-02-05,13:00:00,28.5,69.25,203.0,1.0465
2023-02-05,14:00:00,28.8,68.9,113.5,0.75
2023-02-05,15:00:00,27.9,71.1,220.5,1.0635
2023-02-05,16:00:00,26.55,78.55000000000001,204.0,0.6275
2023-02-05,17:00:00,27.85,74.0,164.5,0.534
2023-02-07,06:00:00,23.3,91.85,227.0,0.1755
2023-02-07,07:00:00,23.45,92.0,232.0,0.1331999999999999
2023-02-07,08:00:00,24.25,90.55,164.0,0.3745
2023-02-07,09:00:00,25.15,84.8,108.5,0.605
2023-02-07,10:00:00,26.5,80.2,137.5,0.7235
2023-02-07,11:00:00,28.0,75.5,126.0,0.8674999999999999
2023-02-07,12:00:00,28.9,72.65,105.05,1.11
2023-02-07,13:00:00,29.5,69.1,160.0,0.952
2023-02-07,14:00:00,28.35,72.95,236.5,1.3775
2023-02-07,15:00:00,28.1,74.05,244.5,0.9365
2023-02-07,16:00:00,28.85,73.3,251.0,1.13
2023-02-07,17:00:00,29.2,69.9,255.0,0.9665
2023-02-08,06:00:00,24.85,83.85,216.5,0.2674999999999999
2023-02-08,07:00:00,24.4,88.8,202.5,0.223
2023-02-08,08:00:00,24.450000000000003,86.7,160.0,0.528
2023-02-08,09:00:00,26.05,80.15,142.5,0.6385000000000001
2023-02-08,10:00:00,27.75,74.4,111.35,1.0619999999999998
2023-02-08,11:00:00,28.9,71.1,147.5,0.9725
2023-02-08,12:00:00,29.45,67.7,145.0,0.9635
2023-02-08,13:00:00,29.25,67.95,107.0,1.305
2023-02-08,14:00:00,28.3,71.9,129.0,0.603
2023-02-08,15:00:00,28.5,71.65,147.5,0.7685
2023-02-08,16:00:00,29.6,67.85,159.5,0.58
2023-02-08,17:00:00,29.0,70.55,132.0,0.874
2023-02-09,06:00:00,23.15,91.35,252.5,0.2339999999999999
2023-02-09,07:00:00,23.15,91.65,192.0,0.416
2023-02-09,08:00:00,23.85,90.8,158.0,0.525
2023-02-09,09:00:00,25.6,84.19999999999999,152.0,0.8745
2023-02-09,10:00:00,25.8,82.94999999999999,158.0,0.603
2023-02-09,11:00:00,27.35,76.45,113.0,0.859
2023-02-09,12:00:00,27.6,75.65,192.0,0.775
2023-02-09,13:00:00,28.5,72.94999999999999,168.5,0.599
2023-02-09,14:00:00,29.0,70.35,230.0,0.919
2023-02-09,15:00:00,29.75,68.65,168.0,0.5845
2023-02-09,16:00:00,29.85,68.1,235.5,0.441
2023-02-09,17:00:00,30.1,68.5,204.5,0.7304999999999999
2023-02-10,06:00:00,22.95,93.55,172.5,0.31385
2023-02-10,07:00:00,22.9,93.8,160.5,0.6165
2023-02-10,08:00:00,23.25,92.35,179.0,1.115
2023-02-10,09:00:00,25.3,83.5,130.0,1.025
2023-02-10,10:00:00,27.05,77.80000000000001,142.0,0.8645
2023-02-10,11:00:00,27.9,74.5,195.5,0.932
2023-02-10,12:00:00,29.25,70.25,199.5,1.48
2023-02-10,13:00:00,29.700000000000003,70.80000000000001,144.0,0.831
2023-02-10,14:00:00,30.65,66.05000000000001,207.5,0.8534999999999999
2023-02-10,15:00:00,30.15,69.25,170.05,1.08
2023-02-10,16:00:00,27.200000000000003,79.15,207.0,1.565
2023-02-10,17:00:00,25.9,85.15,245.5,1.065
2023-02-11,06:00:00,23.25,92.8,283.0,0.433
2023-02-11,07:00:00,23.65,90.35,245.5,1.0775
2023-02-11,08:00:00,24.05,88.30000000000001,216.0,0.4944999999999999
2023-02-11,09:00:00,24.75,87.85,122.5,0.2845
2023-02-11,10:00:00,25.6,86.69999999999999,119.5,0.4505
2023-02-11,11:00:00,25.9,83.55,88.35,0.8105
2023-02-11,12:00:00,27.35,77.85,136.9,0.8095
2023-02-11,13:00:00,26.4,81.4,136.0,0.722
2023-02-11,14:00:00,24.55,87.25,186.5,0.756
2023-02-11,15:00:00,25.15,86.05,182.5,0.7050000000000001
2023-02-11,16:00:00,25.75,85.69999999999999,151.0,0.3399999999999999
2023-02-11,17:00:00,25.4,86.55,165.5,0.2395
2023-02-12,06:00:00,23.15,93.6,163.5,0.309
2023-02-12,07:00:00,23.4,92.9,244.5,0.4945
2023-02-12,08:00:00,24.1,91.7,117.5,0.239
2023-02-12,09:00:00,24.75,88.3,100.35,0.255
2023-02-12,10:00:00,25.65,83.4,154.5,0.5775
2023-02-12,11:00:00,26.6,80.30000000000001,164.15,0.5429999999999999
2023-02-12,12:00:00,26.65,81.4,111.5,0.4845
2023-02-12,13:00:00,28.55,74.4,132.0,0.7090000000000001
2023-02-12,14:00:00,29.3,72.5,133.0,0.9195
2023-02-12,15:00:00,29.5,70.69999999999999,171.0,0.979
2023-02-12,16:00:00,28.5,75.05000000000001,121.65,0.673
2023-02-12,17:00:00,27.3,80.9,242.5,0.8345
2023-02-13,06:00:00,23.3,94.35,151.0,0.875
2023-02-13,07:00:00,23.3,94.5,177.0,0.5515
2023-02-13,08:00:00,23.45,94.55,124.5,0.356
2023-02-13,09:00:00,23.75,94.2,173.0,0.7515
2023-02-13,10:00:00,24.450000000000003,92.6,104.75,0.497
2023-02-13,11:00:00,25.7,85.65,175.5,0.598
2023-02-13,12:00:00,26.7,81.4,135.0,0.7424999999999999
2023-02-13,13:00:00,28.0,76.0,186.0,1.22
2023-02-13,14:00:00,28.65,73.1,199.5,1.74
2023-02-13,15:00:00,28.85,72.65,191.0,1.765
2023-02-13,16:00:00,27.95,77.8,159.1,1.38
2023-02-13,17:00:00,26.35,83.8,167.5,1.415
2023-02-14,06:00:00,22.3,93.85,119.0,0.4915
2023-02-14,07:00:00,22.45,94.0,232.0,0.424
2023-02-14,08:00:00,22.75,93.8,239.5,0.9235
2023-02-14,09:00:00,23.85,92.3,120.5,0.5065
2023-02-14,10:00:00,24.55,88.55,204.5,1.073
2023-02-14,11:00:00,25.95,84.55,126.5,0.671
2023-02-14,12:00:00,26.85,80.95,143.5,0.6785
2023-02-14,13:00:00,28.15,74.9,226.0,1.37
2023-02-14,14:00:00,29.05,73.5,144.0,0.9985
2023-02-14,15:00:00,28.75,75.0,153.5,1.0685
2023-02-14,16:00:00,28.3,76.05000000000001,248.5,0.6565000000000001
2023-02-14,17:00:00,27.200000000000003,79.65,187.5,1.4
2023-02-15,06:00:00,23.25,93.0,228.5,0.6665000000000001
2023-02-15,07:00:00,23.25,93.0,196.0,0.299
2023-02-15,08:00:00,23.5,93.35,167.0,0.383
2023-02-15,09:00:00,23.65,93.1,238.5,0.837
2023-02-15,10:00:00,24.15,91.15,233.0,1.065
2023-02-15,11:00:00,24.35,88.7,221.5,2.215
2023-02-15,12:00:00,24.8,87.15,216.5,1.845
2023-02-15,13:00:00,25.700000000000003,83.4,233.0,1.5699999999999998
2023-02-15,14:00:00,26.75,79.44999999999999,238.5,1.4500000000000002
2023-02-15,15:00:00,28.35,74.85,229.5,1.11
2023-02-15,16:00:00,29.25,72.65,228.5,1.65
2023-02-15,17:00:00,28.65,73.1,174.5,1.29
2023-02-16,06:00:00,23.6,92.65,181.5,1.82
2023-02-16,07:00:00,23.5,89.80000000000001,200.5,1.82
2023-02-16,08:00:00,23.6,89.75,177.0,0.9255
2023-02-16,09:00:00,24.35,89.9,185.5,1.395
2023-02-16,10:00:00,25.95,83.85,176.5,1.081
2023-02-16,11:00:00,27.0,79.85,219.5,0.868
2023-02-16,12:00:00,28.1,74.3,249.0,1.28
2023-02-16,13:00:00,29.6,66.25,226.5,1.72
2023-02-16,14:00:00,30.2,62.5,259.0,1.78
2023-02-16,15:00:00,30.85,62.7,243.5,2.25
2023-02-16,16:00:00,31.1,63.75,248.0,2.085
2023-02-16,17:00:00,29.7,69.1,228.0,1.835
2023-02-17,06:00:00,25.200000000000003,82.75,198.5,0.655
2023-02-17,07:00:00,25.4,82.15,231.5,0.5934999999999999
2023-02-17,08:00:00,25.75,82.65,187.0,0.4145
2023-02-17,09:00:00,26.6,80.3,206.0,0.596
2023-02-17,10:00:00,28.0,75.19999999999999,174.0,1.205
2023-02-17,11:00:00,29.0,70.8,216.5,1.155
2023-02-17,12:00:00,28.9,69.1,214.0,1.33
2023-02-17,13:00:00,29.1,68.75,189.0,0.8160000000000001
2023-02-17,14:00:00,30.35,66.1,134.5,0.883
2023-02-17,15:00:00,30.450000000000003,65.65,178.0,0.895
2023-02-17,16:00:00,30.2,67.6,182.5,1.25
2023-02-17,17:00:00,29.85,68.65,211.0,0.9415
2023-02-18,06:00:00,25.65,83.95,265.0,1.0539999999999998
2023-02-18,07:00:00,25.35,85.0,250.0,0.747
2023-02-18,08:00:00,25.85,84.75,167.5,0.8009999999999999
2023-02-18,09:00:00,27.6,78.80000000000001,145.0,0.8445
2023-02-18,10:00:00,26.95,80.8,173.5,1.36
2023-02-18,11:00:00,28.35,76.95,142.0,1.36
2023-02-18,12:00:00,28.7,75.0,132.0,0.857
2023-02-18,13:00:00,28.65,75.3,116.5,1.002
2023-02-18,14:00:00,26.3,83.44999999999999,146.5,1.2585
2023-02-18,15:00:00,24.15,93.0,263.0,1.295
2023-02-18,16:00:00,23.700000000000003,96.05,261.0,1.765
2023-02-18,17:00:00,23.5,96.95,181.0,1.465
2023-02-19,06:00:00,23.7,93.65,197.0,0.3725
2023-02-19,07:00:00,23.55,94.05,183.5,0.4545
2023-02-19,08:00:00,24.05,94.45,180.5,0.655
2023-02-19,09:00:00,24.95,92.35,129.5,1.0045
2023-02-19,10:00:00,26.45,86.1,170.5,0.8574999999999999
2023-02-19,11:00:00,28.25,77.8,166.0,0.9415
2023-02-19,12:00:00,29.4,72.5,145.0,0.774
2023-02-19,13:00:00,29.25,73.1,151.0,0.748
2023-02-19,14:00:00,30.1,71.5,153.0,0.877
2023-02-19,15:00:00,30.3,67.4,243.0,1.485
2023-02-19,16:00:00,29.65,71.19999999999999,235.5,1.3
2023-02-19,17:00:00,29.700000000000003,72.0,221.5,1.65
2023-02-20,06:00:00,23.2,93.9,185.0,0.3855
2023-02-20,07:00:00,23.25,94.2,183.5,0.47
2023-02-20,08:00:00,23.45,94.5,110.35,0.265
2023-02-20,09:00:00,23.85,94.3,120.0,0.5125
2023-02-20,10:00:00,24.65,91.15,94.6,0.784
2023-02-20,11:00:00,24.8,89.25,124.5,0.8160000000000001
2023-02-20,12:00:00,26.1,84.0,143.5,1.26
2023-02-20,13:00:00,27.1,80.35,144.0,1.545
2023-02-20,14:00:00,27.15,79.65,122.0,1.375
2023-02-20,15:00:00,26.65,81.55,221.5,0.9765
2023-02-20,16:00:00,24.6,91.75,157.0,0.982
2023-02-20,17:00:00,24.4,94.05,150.5,0.3835
2023-02-21,06:00:00,23.25,96.3,175.0,0.556
2023-02-21,07:00:00,22.7,96.0,194.0,0.4925
2023-02-21,08:00:00,22.7,96.25,158.0,0.789
2023-02-21,09:00:00,22.75,96.45,163.5,0.4554999999999999
2023-02-21,10:00:00,22.8,96.5,219.5,0.775
2023-02-21,11:00:00,23.700000000000003,95.4,186.0,0.7215
2023-02-21,12:00:00,24.8,89.19999999999999,209.5,0.8175
2023-02-21,13:00:00,26.3,83.6,248.5,1.575
2023-02-21,14:00:00,26.95,80.65,260.0,2.115
2023-02-21,15:00:00,28.5,74.3,239.5,1.385
2023-02-21,16:00:00,29.5,71.0,266.0,1.425
2023-02-21,17:00:00,29.45,70.6,265.0,1.3450000000000002
2023-02-22,06:00:00,23.35,95.4,158.0,0.378
2023-02-22,07:00:00,23.35,95.55,180.5,0.427
2023-02-22,08:00:00,23.6,95.5,186.5,0.72
2023-02-22,09:00:00,23.9,94.65,186.5,0.494
2023-02-22,10:00:00,24.85,91.65,200.5,1.17
2023-02-22,11:00:00,26.950000000000003,83.2,176.5,1.64
2023-02-22,12:00:00,29.1,76.7,116.5,1.095
2023-02-22,13:00:00,29.6,73.85,188.0,1.0750000000000002
2023-02-22,14:00:00,31.15,68.35,180.0,0.8985
2023-02-22,15:00:00,31.85,63.15,214.0,1.185
2023-02-22,16:00:00,31.25,65.1,185.0,1.1545
2023-02-22,17:00:00,29.2,73.15,147.5,1.2000000000000002
2023-02-23,06:00:00,23.65,91.65,218.0,0.6065
2023-02-23,07:00:00,23.65,90.4,214.0,0.398
2023-02-23,08:00:00,24.55,87.75,230.0,0.7925
2023-02-23,09:00:00,26.05,83.94999999999999,146.5,0.6935
2023-02-23,10:00:00,26.7,81.6,195.0,0.58
2023-02-23,11:00:00,27.6,79.05,216.0,1.013
2023-02-23,12:00:00,29.0,74.94999999999999,180.0,0.9945
2023-02-23,13:00:00,30.3,70.7,172.0,0.8089999999999999
2023-02-23,14:00:00,30.6,71.6,132.0,0.845
2023-02-23,15:00:00,30.6,71.2,140.0,0.8855
2023-02-23,16:00:00,28.950000000000003,76.30000000000001,193.0,0.8275
2023-02-23,17:00:00,25.15,91.2,236.5,1.545
2023-02-24,06:00:00,23.9,95.5,214.0,0.4365
2023-02-24,07:00:00,23.95,95.65,217.5,0.4715
2023-02-24,08:00:00,24.65,94.3,129.5,0.392
2023-02-24,09:00:00,25.9,87.75,129.0,0.436
2023-02-24,10:00:00,26.9,83.05,143.5,0.7635
2023-02-24,11:00:00,27.15,81.3,140.5,0.802
2023-02-24,12:00:00,28.700000000000003,76.7,146.0,1.15
2023-02-24,13:00:00,29.7,73.69999999999999,171.5,1.235
2023-02-24,14:00:00,30.0,73.45,123.5,0.705
2023-02-24,15:00:00,31.15,68.45,147.0,1.1
2023-02-24,16:00:00,32.150000000000006,65.15,178.0,0.893
2023-02-24,17:00:00,28.6,76.15,222.0,2.46
2023-02-25,06:00:00,23.0,96.3,137.5,0.6174999999999999
2023-02-25,07:00:00,23.3,96.55,145.0,0.4945
2023-02-25,08:00:00,23.6,96.45,155.0,0.749
2023-02-25,09:00:00,23.35,95.9,244.0,1.14
2023-02-25,10:00:00,23.5,95.2,174.0,1.26
2023-02-25,11:00:00,24.6,91.35,119.0,1.13
2023-02-25,12:00:00,25.950000000000003,84.45,192.5,0.932
2023-02-25,13:00:00,26.15,82.9,126.0,0.7665
2023-02-25,14:00:00,26.55,81.94999999999999,184.0,0.7845
2023-02-25,15:00:00,27.3,79.0,168.5,0.969
2023-02-25,16:00:00,26.8,80.65,229.5,1.54
2023-02-25,17:00:00,26.1,82.1,237.5,1.54
2023-02-26,06:00:00,24.85,89.95,243.0,0.7125
2023-02-26,07:00:00,24.85,90.15,216.5,0.2535
2023-02-26,08:00:00,24.85,89.25,183.5,0.7295
2023-02-26,09:00:00,26.200000000000003,82.45,192.0,0.9645
2023-02-26,10:00:00,27.85,77.44999999999999,185.5,1.0235
2023-02-26,11:00:00,26.9,80.65,202.5,0.7224999999999999
2023-02-26,12:00:00,26.9,82.8,126.0,0.4014999999999999
2023-02-26,13:00:00,27.05,81.45,157.0,0.3155
2023-02-26,14:00:00,27.85,79.4,184.5,0.264
2023-02-26,15:00:00,29.05,74.85,144.0,0.4755
2023-02-26,16:00:00,29.2,73.4,218.5,0.609
2023-02-26,17:00:00,28.2,77.25,223.0,1.275
2023-02-27,06:00:00,23.35,91.25,205.0,2.265
2023-02-27,07:00:00,23.4,92.1,184.5,0.6875
2023-02-27,08:00:00,23.700000000000003,93.1,228.0,0.286
2023-02-27,09:00:00,24.25,92.45,156.5,0.417
2023-02-27,10:00:00,26.45,84.19999999999999,104.0,0.7195
2023-02-27,11:00:00,27.95,78.7,176.0,0.642
2023-02-27,12:00:00,28.6,76.15,145.5,0.782
2023-02-27,13:00:00,28.4,77.05000000000001,235.5,1.71
2023-02-27,14:00:00,28.8,76.4,191.5,1.0085
2023-02-27,15:00:00,30.0,72.0,125.5,0.618
2023-02-27,16:00:00,28.55,77.55,193.0,1.002
2023-02-27,17:00:00,26.9,81.2,216.5,2.02
2023-02-28,06:00:00,23.95,91.2,280.0,0.6299999999999999
2023-02-28,07:00:00,24.15,90.15,161.0,0.5880000000000001
2023-02-28,08:00:00,25.1,87.85,154.5,0.272
2023-02-28,09:00:00,26.5,83.25,165.0,0.368
2023-02-28,10:00:00,26.95,82.25,126.0,0.758
2023-02-28,11:00:00,26.4,84.1,152.5,0.5855
2023-02-28,12:00:00,25.9,87.8,191.0,0.4659999999999999
2023-02-28,13:00:00,28.3,80.25,141.0,0.609
2023-02-28,14:00:00,28.85,77.55000000000001,101.95,1.1
2023-02-28,15:00:00,27.25,81.8,149.5,0.6214999999999999
2023-02-28,16:00:00,26.75,85.55,167.5,0.575
2023-02-28,17:00:00,27.4,82.55,159.0,0.4475
2023-03-01,06:00:00,23.3,92.0,268.0,0.408
2023-03-01,07:00:00,23.3,92.8,205.0,0.199
2023-03-01,08:00:00,23.7,93.1,232.0,0.163
2023-03-01,09:00:00,25.1,86.6,110.0,0.53
2023-03-01,10:00:00,26.5,80.7,110.0,0.675
2023-03-01,11:00:00,28.0,75.8,112.0,0.877
2023-03-01,12:00:00,27.4,79.4,126.0,0.659
2023-03-01,13:00:00,27.9,78.9,122.0,0.95
2023-03-01,14:00:00,28.9,76.3,124.0,0.953
2023-03-01,15:00:00,29.3,75.1,121.0,1.02
2023-03-01,16:00:00,29.7,73.7,118.0,0.956
2023-03-01,17:00:00,29.6,73.4,125.0,0.438
2023-03-02,06:00:00,24.1,90.6,199.0,0.804
2023-03-02,07:00:00,24.3,89.9,191.0,0.35
2023-03-02,08:00:00,25.1,88.1,173.0,0.493
2023-03-02,09:00:00,26.8,81.4,234.0,1.52
2023-03-02,10:00:00,27.5,78.9,231.0,1.68
2023-03-02,11:00:00,28.2,75.6,223.0,1.43
2023-03-02,12:00:00,27.4,78.4,228.0,1.33
2023-03-02,13:00:00,27.3,80.6,214.0,0.84
2023-03-02,14:00:00,27.7,80.1,215.0,1.47
2023-03-02,15:00:00,28.1,77.3,236.0,1.6
2023-03-02,16:00:00,28.2,78.0,251.0,0.893
2023-03-02,17:00:00,26.4,84.1,239.0,1.64
2023-03-03,06:00:00,24.4,87.4,207.0,0.792
2023-03-03,07:00:00,24.1,90.6,234.0,0.228
2023-03-03,08:00:00,24.4,88.4,266.0,0.907
2023-03-03,09:00:00,26.4,79.4,109.0,0.545
2023-03-03,10:00:00,27.7,74.7,172.0,0.618
2023-03-03,11:00:00,28.4,74.7,182.0,1.0
2023-03-03,12:00:00,29.3,73.1,118.0,0.942
2023-03-03,13:00:00,28.4,77.3,123.0,0.708
2023-03-03,14:00:00,28.5,77.5,103.0,0.924
2023-03-03,15:00:00,29.0,75.3,152.0,0.472
2023-03-03,16:00:00,29.1,76.2,190.0,0.796
2023-03-03,17:00:00,29.0,76.4,222.0,1.58
2023-03-04,06:00:00,24.5,86.7,175.0,0.312
2023-03-04,07:00:00,24.2,88.6,229.0,0.4
2023-03-04,08:00:00,24.5,88.9,210.0,0.168
2023-03-04,09:00:00,24.7,89.3,139.0,0.778
2023-03-04,10:00:00,24.4,90.3,139.0,0.597
2023-03-04,11:00:00,24.8,88.1,141.0,0.599
2023-03-04,12:00:00,26.5,82.6,169.0,1.03
2023-03-04,13:00:00,28.4,76.5,161.0,1.22
2023-03-04,14:00:00,29.7,72.4,128.0,0.648
2023-03-04,15:00:00,29.7,72.1,117.0,0.703
2023-03-04,16:00:00,30.2,70.2,234.0,1.16
2023-03-04,17:00:00,30.5,68.5,209.0,0.921
2023-03-05,06:00:00,23.6,92.1,137.0,0.301
2023-03-05,07:00:00,23.4,93.5,228.0,0.159
2023-03-05,08:00:00,23.5,93.7,265.0,0.329
2023-03-05,09:00:00,24.2,92.1,223.0,0.21
2023-03-05,10:00:00,24.9,88.7,120.0,0.449
2023-03-05,11:00:00,26.3,82.9,148.0,0.478
2023-03-05,12:00:00,26.9,81.3,130.0,0.674
2023-03-05,13:00:00,27.6,79.6,117.0,0.72
2023-03-05,14:00:00,28.4,77.1,164.0,0.939
2023-03-05,15:00:00,29.5,74.0,180.0,1.54
2023-03-05,16:00:00,28.9,75.7,163.0,1.46
2023-03-05,17:00:00,28.4,77.2,283.0,1.46
2023-03-06,06:00:00,23.1,96.2,216.0,0.416
2023-03-06,07:00:00,23.2,96.5,216.0,0.112
2023-03-06,08:00:00,23.4,96.5,154.0,0.24
2023-03-06,09:00:00,23.7,96.4,143.0,0.263
2023-03-06,10:00:00,24.0,96.2,165.0,0.407
2023-03-06,11:00:00,25.9,89.0,190.0,0.801
2023-03-06,12:00:00,27.6,80.9,194.0,1.39
2023-03-06,13:00:00,29.1,75.9,135.0,1.98
2023-03-06,14:00:00,30.1,73.2,181.0,1.8
2023-03-06,15:00:00,29.9,74.3,133.0,1.58
2023-03-06,16:00:00,29.9,73.7,118.0,1.29
2023-03-06,17:00:00,28.5,76.5,137.0,0.791
2023-03-07,06:00:00,24.1,91.4,185.0,0.603
2023-03-07,07:00:00,24.1,91.8,268.0,0.747
2023-03-07,08:00:00,24.1,93.3,226.0,0.971
2023-03-07,09:00:00,24.6,92.2,186.0,1.48
2023-03-07,10:00:00,25.7,88.2,144.0,1.32
2023-03-07,11:00:00,26.7,84.3,138.0,0.903
2023-03-07,12:00:00,27.8,79.7,230.0,1.06
2023-03-07,13:00:00,29.1,76.2,220.0,1.04
2023-03-07,14:00:00,30.0,71.7,228.0,1.49
2023-03-07,15:00:00,27.8,79.6,180.0,2.46
2023-03-07,16:00:00,27.7,80.3,156.0,1.18
2023-03-07,17:00:00,27.1,82.1,240.0,1.49
2023-03-08,06:00:00,23.5,98.1,176.0,0.263
2023-03-08,07:00:00,23.4,98.0,201.0,0.292
2023-03-08,08:00:00,23.8,97.8,196.0,0.458
2023-03-08,09:00:00,24.7,95.6,262.0,1.08
2023-03-08,10:00:00,26.0,88.0,231.0,1.58
2023-03-08,11:00:00,27.0,83.7,230.0,1.1
2023-03-08,12:00:00,27.6,81.6,240.0,1.63
2023-03-08,13:00:00,29.2,76.2,247.0,1.97
2023-03-08,14:00:00,29.4,75.6,242.0,1.63
2023-03-08,15:00:00,28.7,79.0,239.0,1.28
2023-03-08,16:00:00,30.5,72.7,234.0,1.36
2023-03-08,17:00:00,29.8,75.1,193.0,1.28
2023-03-09,06:00:00,23.1,99.0,155.0,0.714
2023-03-09,07:00:00,23.0,99.0,184.0,0.615
2023-03-09,08:00:00,23.2,99.0,181.0,1.43
2023-03-09,09:00:00,24.1,98.5,166.0,1.58
2023-03-09,10:00:00,25.4,96.9,120.0,1.26
2023-03-09,11:00:00,26.0,95.9,126.0,0.904
2023-03-09,12:00:00,25.2,97.0,193.0,0.82
2023-03-09,13:00:00,25.9,96.7,170.0,0.697
2023-03-09,14:00:00,26.0,95.1,138.0,1.6
2023-03-09,15:00:00,23.4,98.3,201.0,2.29
2023-03-09,16:00:00,23.1,98.7,246.0,2.22
2023-03-09,17:00:00,23.2,98.6,276.0,1.58
2023-03-10,06:00:00,22.7,98.4,238.0,0.204
2023-03-10,07:00:00,22.4,98.1,247.0,0.273
2023-03-10,08:00:00,22.7,97.9,223.0,0.224
2023-03-10,09:00:00,24.1,95.5,211.0,0.266
2023-03-10,10:00:00,25.4,85.4,178.0,0.755
2023-03-10,11:00:00,26.9,80.4,189.0,0.585
2023-03-10,12:00:00,26.9,79.5,243.0,1.31
2023-03-10,13:00:00,26.9,80.9,228.0,1.32
2023-03-10,14:00:00,27.1,81.6,229.0,1.23
2023-03-10,15:00:00,27.7,78.9,221.0,1.35
2023-03-10,16:00:00,28.1,78.2,223.0,1.62
2023-03-10,17:00:00,24.6,86.7,244.0,2.93
2023-03-11,06:00:00,23.0,96.9,203.0,0.16
2023-03-11,07:00:00,23.2,97.2,220.0,0.163
2023-03-11,08:00:00,23.5,97.4,261.0,0.673
2023-03-11,09:00:00,24.2,93.5,199.0,1.21
2023-03-11,10:00:00,25.5,87.3,198.0,1.26
2023-03-11,11:00:00,28.1,78.5,181.0,1.55
2023-03-11,12:00:00,28.8,74.4,219.0,1.63
2023-03-11,13:00:00,29.9,70.0,250.0,1.74
2023-03-11,14:00:00,30.6,67.7,240.0,1.8
2023-03-11,15:00:00,29.8,72.1,227.0,1.41
2023-03-11,16:00:00,29.1,74.6,213.0,1.46
2023-03-11,17:00:00,29.3,78.1,136.0,0.624
2023-03-12,06:00:00,23.1,96.4,300.0,0.188
2023-03-12,07:00:00,23.3,95.9,285.0,0.255
2023-03-12,08:00:00,23.9,94.1,207.0,0.286
2023-03-12,09:00:00,25.7,89.3,134.0,0.285
2023-03-12,10:00:00,27.1,84.0,145.0,0.514
2023-03-12,11:00:00,27.7,80.2,210.0,0.902
2023-03-12,12:00:00,28.5,76.1,243.0,1.54
2023-03-12,13:00:00,29.5,72.3,234.0,1.7
2023-03-12,14:00:00,30.2,69.3,242.0,1.65
2023-03-12,15:00:00,30.3,70.4,229.0,1.28
2023-03-12,16:00:00,29.4,75.0,209.0,2.06
2023-03-12,17:00:00,28.3,77.5,220.0,2.43
2023-03-13,06:00:00,23.9,93.5,244.0,0.212
2023-03-13,07:00:00,24.0,93.8,262.0,0.58
2023-03-13,08:00:00,24.5,93.8,211.0,0.678
2023-03-13,09:00:00,26.2,87.1,159.0,1.18
2023-03-13,10:00:00,27.2,82.0,125.0,1.27
2023-03-13,11:00:00,28.8,76.2,133.0,1.25
2023-03-13,12:00:00,30.3,70.1,246.0,1.5
2023-03-13,13:00:00,30.6,67.8,243.0,1.44
2023-03-13,14:00:00,30.2,70.8,131.0,0.581
2023-03-13,15:00:00,30.2,72.6,121.0,0.787
2023-03-13,16:00:00,30.8,70.2,149.0,0.778
2023-03-13,17:00:00,30.8,69.5,148.0,0.274
2023-03-14,06:00:00,22.8,94.8,207.0,0.484
2023-03-14,07:00:00,22.9,94.9,231.0,0.418
2023-03-14,08:00:00,23.4,94.7,192.0,0.374
2023-03-14,09:00:00,24.0,93.3,167.0,1.36
2023-03-14,10:00:00,24.1,92.1,141.0,1.15
2023-03-14,11:00:00,25.2,88.0,204.0,1.66
2023-03-14,12:00:00,25.8,85.0,153.0,1.57
2023-03-14,13:00:00,25.8,85.0,146.0,1.6
2023-03-14,14:00:00,26.3,83.0,147.0,1.35
2023-03-14,15:00:00,27.1,80.5,98.3,0.903
2023-03-14,16:00:00,26.7,82.0,93.7,0.921
2023-03-14,17:00:00,26.3,83.5,126.0,1.01
2023-03-15,06:00:00,23.5,92.4,225.0,0.644
2023-03-15,07:00:00,23.4,93.5,164.0,0.913
2023-03-15,08:00:00,23.8,92.9,156.0,0.851
2023-03-15,09:00:00,25.1,88.1,205.0,0.444
2023-03-15,10:00:00,27.7,76.9,134.0,0.542
2023-03-15,11:00:00,29.3,71.2,168.0,0.864
2023-03-15,12:00:00,29.5,73.0,134.0,0.823
2023-03-15,13:00:00,28.3,78.8,145.0,0.811
2023-03-15,14:00:00,29.5,76.1,121.0,0.824
2023-03-15,15:00:00,30.8,70.3,145.0,1.09
2023-03-15,16:00:00,31.6,65.9,149.0,0.759
2023-03-15,17:00:00,30.8,67.3,197.0,0.805
2023-03-16,06:00:00,24.9,88.8,247.0,0.728
2023-03-16,07:00:00,24.1,90.7,248.0,0.176
2023-03-16,08:00:00,25.0,89.0,144.0,0.766
2023-03-16,09:00:00,26.7,83.6,151.0,1.07
2023-03-16,10:00:00,27.6,80.3,204.0,0.998
2023-03-16,11:00:00,28.9,76.3,148.0,0.819
2023-03-16,12:00:00,29.8,73.8,182.0,0.67
2023-03-16,13:00:00,30.2,72.8,128.0,0.832
2023-03-16,14:00:00,30.5,72.2,134.0,0.939
2023-03-16,15:00:00,30.2,72.9,165.0,0.475
2023-03-16,16:00:00,27.4,83.6,232.0,1.27
2023-03-16,17:00:00,24.3,92.8,112.0,1.1
2023-03-17,06:00:00,24.0,95.0,208.0,0.417
2023-03-17,07:00:00,23.8,94.9,275.0,0.412
2023-03-17,08:00:00,24.3,94.5,116.0,0.774
2023-03-17,09:00:00,26.2,87.7,141.0,1.55
2023-03-17,10:00:00,27.3,83.0,159.0,1.06
2023-03-17,11:00:00,28.5,79.8,206.0,1.34
2023-03-17,12:00:00,29.2,76.9,128.0,0.621
2023-03-17,13:00:00,29.5,76.1,150.0,1.0
2023-03-17,14:00:00,28.9,77.8,158.0,0.688
2023-03-17,15:00:00,30.6,71.7,129.0,0.375
2023-03-17,16:00:00,29.7,75.1,158.0,1.09
2023-03-17,17:00:00,28.0,80.4,245.0,1.54
2023-03-18,06:00:00,23.1,91.8,229.0,0.336
2023-03-18,07:00:00,23.0,92.0,254.0,0.608
2023-03-18,08:00:00,24.6,89.4,233.0,1.03
2023-03-18,09:00:00,26.5,83.6,129.0,1.35
2023-03-18,10:00:00,26.9,82.2,177.0,1.58
2023-03-18,11:00:00,28.5,75.5,138.0,1.58
2023-03-18,12:00:00,29.5,68.8,155.0,1.57
2023-03-18,13:00:00,30.5,66.0,139.0,1.47
2023-03-18,14:00:00,30.6,66.6,140.0,1.03
2023-03-18,15:00:00,31.2,65.5,149.0,1.25
2023-03-18,16:00:00,31.3,66.1,182.0,1.41
2023-03-18,17:00:00,31.5,63.8,151.0,1.59
2023-03-19,06:00:00,24.3,91.0,233.0,0.595
2023-03-19,07:00:00,24.1,92.4,211.0,0.252
2023-03-19,08:00:00,25.3,89.9,192.0,0.404
2023-03-19,09:00:00,26.6,85.6,165.0,0.582
2023-03-19,10:00:00,28.0,80.8,194.0,0.691
2023-03-19,11:00:00,28.1,80.0,207.0,0.987
2023-03-19,12:00:00,29.3,75.6,204.0,1.21
2023-03-19,13:00:00,29.6,74.4,143.0,0.973
2023-03-19,14:00:00,28.9,76.9,199.0,1.06
2023-03-19,15:00:00,28.0,80.9,190.0,1.59
2023-03-19,16:00:00,27.4,84.2,212.0,1.68
2023-03-19,17:00:00,26.1,85.2,226.0,3.05
2023-03-20,06:00:00,24.5,92.5,221.0,0.35
2023-03-20,07:00:00,24.7,92.5,194.0,0.723
2023-03-20,08:00:00,25.3,91.0,225.0,1.1
2023-03-20,09:00:00,25.8,89.3,233.0,0.671
2023-03-20,10:00:00,26.6,85.3,245.0,1.27
2023-03-20,11:00:00,27.7,81.3,250.0,1.48
2023-03-20,12:00:00,28.6,77.8,207.0,1.31
2023-03-20,13:00:00,28.8,77.5,220.0,1.58
2023-03-20,14:00:00,30.1,72.4,253.0,1.95
2023-03-20,15:00:00,30.9,69.9,200.0,1.31
2023-03-20,16:00:00,31.2,70.4,109.0,0.638
2023-03-20,17:00:00,30.8,72.5,291.0,0.956
2023-03-21,06:00:00,25.2,88.5,184.0,0.745
2023-03-21,07:00:00,24.7,89.9,185.0,0.535
2023-03-21,08:00:00,25.5,88.0,200.0,0.668
2023-03-21,09:00:00,26.9,83.9,173.0,0.913
2023-03-21,10:00:00,28.7,77.6,234.0,1.61
2023-03-21,11:00:00,29.6,74.8,215.0,1.84
2023-03-21,12:00:00,30.1,72.3,213.0,2.32
2023-03-21,13:00:00,30.5,72.0,204.0,1.05
2023-03-21,14:00:00,30.6,72.9,167.0,0.9
2023-03-21,15:00:00,28.9,79.7,196.0,0.831
2023-03-21,16:00:00,28.3,80.9,122.0,1.07
2023-03-21,17:00:00,28.3,79.1,228.0,0.809
2023-03-22,06:00:00,24.8,87.2,135.0,0.275
2023-03-22,07:00:00,24.9,86.6,166.0,0.475
2023-03-22,08:00:00,25.3,87.1,150.0,0.633
2023-03-22,09:00:00,26.6,83.8,247.0,1.11
2023-03-22,10:00:00,28.2,77.0,180.0,0.78
2023-03-22,11:00:00,29.2,74.9,162.0,1.37
2023-03-22,12:00:00,29.6,74.6,224.0,1.54
2023-03-22,13:00:00,30.2,73.3,206.0,1.28
2023-03-22,14:00:00,30.8,71.5,279.0,1.94
2023-03-22,15:00:00,30.7,70.9,247.0,1.18
2023-03-22,16:00:00,30.6,70.2,233.0,1.42
2023-03-22,17:00:00,30.1,73.9,254.0,1.03
2023-03-23,06:00:00,23.0,96.6,181.0,0.955
2023-03-23,07:00:00,23.2,97.0,164.0,0.45
2023-03-23,08:00:00,23.5,97.4,280.0,0.257
2023-03-23,09:00:00,23.9,97.5,65.9,0.5
2023-03-23,10:00:00,24.1,97.6,131.0,0.731
2023-03-23,11:00:00,24.5,97.4,175.0,1.18
2023-03-23,12:00:00,24.7,96.7,192.0,0.92
2023-03-23,13:00:00,25.1,95.1,128.0,0.143
2023-03-23,14:00:00,26.4,88.1,274.0,0.611
2023-03-23,15:00:00,27.6,82.8,185.0,0.611
2023-03-23,16:00:00,28.1,80.6,188.0,0.636
2023-03-23,17:00:00,24.2,90.7,289.0,2.06
2023-04-18,06:00:00,24.1,92.1,212.0,0.806
2023-04-18,07:00:00,23.6,93.2,257.0,0.658
2023-04-18,08:00:00,24.1,92.9,150.0,0.59
2023-04-18,09:00:00,25.9,87.8,157.0,1.27
2023-04-18,10:00:00,27.7,81.5,163.0,1.32
2023-04-18,11:00:00,29.0,77.3,158.0,0.842
2023-04-18,12:00:00,30.5,70.4,164.0,1.11
2023-04-18,13:00:00,30.9,70.0,174.0,1.08
2023-04-18,14:00:00,30.0,74.6,159.0,0.82
2023-04-18,15:00:00,30.6,74.3,171.0,0.707
2023-04-18,16:00:00,30.5,74.6,164.0,1.21
2023-04-18,17:00:00,30.6,74.1,153.0,1.0
2023-04-19,06:00:00,24.8,93.1,186.0,1.09
2023-04-19,07:00:00,24.9,92.2,200.0,0.625
2023-04-19,08:00:00,25.8,90.2,229.0,1.16
2023-04-19,09:00:00,26.9,87.0,250.0,1.85
2023-04-19,10:00:00,27.8,82.9,231.0,1.66
2023-04-19,11:00:00,28.5,80.5,214.0,1.32
2023-04-19,12:00:00,28.9,79.9,214.0,1.19
2023-04-19,13:00:00,29.8,77.4,173.0,0.826
2023-04-19,14:00:00,30.7,74.9,157.0,0.648
2023-04-19,15:00:00,29.4,79.2,199.0,1.22
2023-04-19,16:00:00,26.7,90.6,194.0,0.854
2023-04-19,17:00:00,27.4,88.4,226.0,2.17
2023-04-20,06:00:00,24.4,93.1,241.0,0.75
2023-04-20,07:00:00,24.2,95.1,205.0,0.253
2023-04-20,08:00:00,24.8,92.3,234.0,0.3
2023-04-20,09:00:00,26.8,85.2,213.0,0.311
2023-04-20,10:00:00,27.9,82.2,144.0,0.76
2023-04-20,11:00:00,28.9,79.2,144.0,0.778
2023-04-20,12:00:00,29.4,77.7,158.0,0.637
2023-04-20,13:00:00,30.3,75.8,141.0,0.509
2023-04-20,14:00:00,30.2,77.2,148.0,0.808
2023-04-20,15:00:00,28.9,83.0,168.0,0.6
2023-04-20,16:00:00,28.5,83.1,188.0,0.669
2023-04-20,17:00:00,26.9,85.4,196.0,1.15
2023-04-21,06:00:00,22.5,98.0,215.0,0.865
2023-04-21,07:00:00,22.5,97.0,270.0,1.31
2023-04-21,08:00:00,23.4,93.9,140.0,0.732
2023-04-21,09:00:00,24.9,91.1,160.0,0.375
2023-04-21,10:00:00,25.9,85.8,131.0,0.698
2023-04-21,11:00:00,26.7,84.3,118.0,0.608
2023-04-21,12:00:00,27.7,80.0,179.0,0.816
2023-04-21,13:00:00,28.5,79.6,173.0,0.788
2023-04-21,14:00:00,28.6,79.3,104.0,0.531
2023-04-21,15:00:00,29.6,75.8,119.0,0.721
2023-04-21,16:00:00,30.2,72.6,145.0,0.602
2023-04-21,17:00:00,29.6,74.7,280.0,0.422
2023-04-22,06:00:00,24.4,95.7,211.0,0.0105
2023-04-22,07:00:00,24.3,96.7,249.0,0.148
2023-04-22,08:00:00,25.1,94.9,204.0,0.267
2023-04-22,09:00:00,27.3,85.2,152.0,0.759
2023-04-22,10:00:00,28.5,81.4,193.0,1.21
2023-04-22,11:00:00,28.9,80.1,225.0,0.806
2023-04-22,12:00:00,28.4,81.6,116.0,1.12
2023-04-22,13:00:00,27.1,87.7,179.0,0.786
2023-04-22,14:00:00,29.0,83.1,135.0,0.789
2023-04-22,15:00:00,28.8,80.4,203.0,2.21
2023-04-22,16:00:00,25.6,86.6,244.0,2.56
2023-04-22,17:00:00,24.4,93.0,229.0,2.12
2023-04-23,06:00:00,22.6,98.6,252.0,0.0
2023-04-23,07:00:00,22.8,99.0,245.0,0.311
2023-04-23,08:00:00,23.2,99.0,203.0,0.815
2023-04-23,09:00:00,23.7,98.1,109.0,1.98
2023-04-23,10:00:00,24.1,95.5,189.0,1.85
2023-04-23,11:00:00,24.7,93.2,78.5,1.45
2023-04-23,12:00:00,26.0,87.9,122.0,0.991
2023-04-23,13:00:00,26.8,85.0,141.0,0.962
2023-04-23,14:00:00,27.1,83.9,115.0,0.717
2023-04-23,15:00:00,27.5,82.4,99.1,0.741
2023-04-23,16:00:00,27.1,81.5,159.0,0.921
2023-04-23,17:00:00,26.4,85.1,169.0,1.29
2023-06-07,06:00:00,23.5,99.9,128.0,0.0
2023-06-07,07:00:00,23.6,99.9,112.0,0.0
2023-06-07,08:00:00,24.2,99.9,111.0,0.0
2023-06-07,09:00:00,25.0,99.9,111.0,0.0
2023-06-07,10:00:00,26.4,94.4,144.0,0.357
2023-06-07,11:00:00,27.7,85.5,136.0,0.521
2023-06-07,12:00:00,28.4,82.8,143.0,0.208
2023-06-07,13:00:00,30.0,78.3,120.0,0.188
2023-06-07,14:00:00,29.1,79.6,135.0,0.58
2023-06-07,15:00:00,28.5,81.2,133.0,0.311
2023-06-07,16:00:00,29.1,79.5,157.0,0.619
2023-06-07,17:00:00,29.1,80.2,137.0,0.539
2023-11-15,06:00:00,23.1,93.3,229.0,1.13
2023-11-15,07:00:00,23.1,94.0,226.0,1.06
2023-11-15,08:00:00,23.4,93.2,233.0,1.42
2023-11-15,09:00:00,24.3,90.4,238.0,1.55
2023-11-15,10:00:00,25.0,87.9,244.0,1.86
2023-11-15,11:00:00,26.1,84.5,251.0,2.12
2023-11-15,12:00:00,26.9,82.3,260.0,2.0
2023-11-15,13:00:00,27.7,80.9,196.0,1.27
2023-11-15,14:00:00,28.2,79.4,147.0,1.33
2023-11-15,15:00:00,27.0,84.0,142.0,1.69
2023-11-15,16:00:00,27.4,83.3,154.0,1.5
2023-11-15,17:00:00,27.5,82.8,165.0,1.81
2023-11-16,06:00:00,22.8,94.6,239.0,0.686
2023-11-16,07:00:00,22.9,93.7,242.0,2.35
2023-11-16,08:00:00,23.9,91.7,250.0,2.43
2023-11-16,09:00:00,25.6,87.7,248.0,2.49
2023-11-16,10:00:00,26.5,84.8,259.0,2.83
2023-11-16,11:00:00,27.4,82.2,247.0,2.21
2023-11-16,12:00:00,28.4,79.9,254.0,1.81
2023-11-16,13:00:00,29.0,78.5,164.0,0.889
2023-11-16,14:00:00,28.9,78.8,174.0,1.26
2023-11-16,15:00:00,29.4,77.7,232.0,2.08
2023-11-16,16:00:00,29.7,76.3,241.0,2.44
2023-11-16,17:00:00,29.7,76.1,215.0,1.81
2023-11-17,06:00:00,22.7,94.8,256.0,1.55
2023-11-17,07:00:00,22.7,95.0,240.0,1.99
2023-11-17,08:00:00,23.0,93.6,244.0,1.93
2023-11-17,09:00:00,24.3,89.4,233.0,1.61
2023-11-17,10:00:00,26.4,83.5,237.0,1.39
2023-11-17,11:00:00,27.4,80.7,133.0,1.02
2023-11-17,12:00:00,27.6,80.5,116.0,1.25
2023-11-17,13:00:00,27.9,80.9,138.0,1.48
2023-11-17,14:00:00,28.2,80.0,158.0,1.4
2023-11-17,15:00:00,28.7,78.5,176.0,1.47
2023-11-17,16:00:00,28.2,80.6,187.0,2.01
2023-11-17,17:00:00,27.5,82.4,212.0,2.03
2023-11-20,06:00:00,23.1,96.0,276.0,2.1
2023-11-20,07:00:00,23.2,95.6,252.0,1.45
2023-11-20,08:00:00,23.8,92.9,245.0,2.28
2023-11-20,09:00:00,24.3,91.8,241.0,2.11
2023-11-20,10:00:00,25.2,88.3,254.0,1.76
2023-11-20,11:00:00,27.0,81.7,248.0,1.9
2023-11-20,12:00:00,28.1,78.6,235.0,1.55
2023-11-20,13:00:00,29.4,76.3,162.0,1.77
2023-11-20,14:00:00,29.4,76.0,163.0,1.85
2023-11-20,15:00:00,29.8,74.7,200.0,1.71
2023-11-20,16:00:00,30.2,74.1,202.0,1.58
2023-11-20,17:00:00,29.5,76.7,208.0,1.8
2023-11-21,06:00:00,23.2,92.6,279.0,1.98
2023-11-21,07:00:00,23.4,91.3,274.0,1.72
2023-11-21,08:00:00,24.0,88.6,178.0,0.927
2023-11-21,09:00:00,25.3,84.7,234.0,1.45
2023-11-21,10:00:00,26.8,80.3,261.0,2.2
2023-11-21,11:00:00,28.3,77.0,214.0,1.65
2023-11-21,12:00:00,28.8,76.1,180.0,1.46
2023-11-21,13:00:00,28.8,77.1,240.0,1.45
2023-11-21,14:00:00,28.2,78.7,164.0,1.86
2023-11-21,15:00:00,29.0,77.3,224.0,1.6
2023-11-21,16:00:00,29.1,76.9,191.0,1.12
2023-11-21,17:00:00,28.8,76.6,226.0,2.54
2023-11-22,06:00:00,23.4,91.0,279.0,1.33
2023-11-22,07:00:00,23.6,90.5,214.0,0.927
2023-11-22,08:00:00,25.2,85.5,188.0,0.7
2023-11-22,09:00:00,26.9,78.0,241.0,1.35
2023-11-22,10:00:00,28.0,75.2,244.0,2.33
2023-11-22,11:00:00,29.9,72.3,210.0,1.37
2023-11-22,12:00:00,31.3,68.5,123.0,1.84
2023-11-22,13:00:00,31.7,68.0,164.0,2.22
2023-11-22,14:00:00,31.6,68.7,143.0,1.61
2023-11-22,15:00:00,31.3,70.0,129.0,1.23
2023-11-22,16:00:00,30.7,71.8,171.0,1.37
2023-11-22,17:00:00,28.5,79.0,244.0,3.13
2023-11-23,06:00:00,23.7,90.6,242.0,1.13
2023-11-23,07:00:00,23.5,92.3,226.0,1.02
2023-11-23,08:00:00,24.9,87.1,218.0,1.19
2023-11-23,09:00:00,26.6,82.0,216.0,1.17
2023-11-23,10:00:00,28.3,77.8,254.0,1.35
2023-11-23,11:00:00,29.2,74.8,214.0,1.98
2023-11-23,12:00:00,29.1,74.4,227.0,1.96
2023-11-23,13:00:00,29.0,76.4,243.0,1.46
2023-11-23,14:00:00,29.0,76.9,238.0,1.58
2023-11-23,15:00:00,28.9,77.5,218.0,1.09
2023-11-23,16:00:00,29.2,76.5,227.0,1.49
2023-11-23,17:00:00,29.3,75.0,219.0,1.17
2023-11-24,06:00:00,24.0,88.2,236.0,1.71
2023-11-24,07:00:00,23.9,88.5,269.0,1.98
2023-11-24,08:00:00,24.6,87.3,251.0,1.84
2023-11-24,09:00:00,26.2,83.2,251.0,1.59
2023-11-24,10:00:00,28.0,77.0,224.0,2.07
2023-11-24,11:00:00,29.5,74.0,265.0,2.31
2023-11-24,12:00:00,30.4,72.0,185.0,1.8
2023-11-24,13:00:00,30.1,72.7,125.0,1.46
2023-11-24,14:00:00,30.2,73.0,155.0,1.25
2023-11-24,15:00:00,30.5,72.0,188.0,1.22
2023-11-24,16:00:00,31.1,70.4,241.0,1.9
2023-11-24,17:00:00,30.9,69.9,226.0,1.95
2023-11-25,06:00:00,22.8,90.5,249.0,0.91
2023-11-25,07:00:00,22.8,91.2,240.0,0.727
2023-11-25,08:00:00,23.8,88.3,228.0,1.28
2023-11-25,09:00:00,25.2,83.5,215.0,1.62
2023-11-25,10:00:00,27.8,76.0,147.0,1.33
2023-11-25,11:00:00,29.6,71.8,129.0,1.22
2023-11-25,12:00:00,30.0,70.8,128.0,1.35
2023-11-25,13:00:00,30.9,68.6,181.0,1.73
2023-11-25,14:00:00,31.7,66.5,185.0,1.71
2023-11-25,15:00:00,31.9,66.7,165.0,2.57
2023-11-25,16:00:00,31.3,70.6,164.0,2.3
2023-11-25,17:00:00,30.6,73.2,189.0,1.81
2023-11-26,06:00:00,23.5,92.1,261.0,2.2
2023-11-26,07:00:00,23.5,92.6,256.0,1.73
2023-11-26,08:00:00,23.7,92.2,264.0,1.79
2023-11-26,09:00:00,24.5,90.5,246.0,1.55
2023-11-26,10:00:00,26.5,84.4,171.0,1.04
2023-11-26,11:00:00,26.8,83.7,274.0,1.06
2023-11-26,12:00:00,26.8,84.1,249.0,1.4
2023-11-26,13:00:00,26.6,84.3,250.0,2.06
2023-11-26,14:00:00,27.3,82.7,251.0,2.24
2023-11-26,15:00:00,27.4,82.2,264.0,2.31
2023-11-26,16:00:00,27.9,81.2,253.0,2.24
2023-11-26,17:00:00,28.2,80.8,219.0,2.58
2023-11-27,06:00:00,23.2,92.7,248.0,1.46
2023-11-27,07:00:00,23.3,92.4,177.0,1.13
2023-11-27,08:00:00,24.5,89.3,250.0,2.24
2023-11-27,09:00:00,26.0,85.2,230.0,2.85
2023-11-27,10:00:00,26.7,83.5,246.0,2.79
2023-11-27,11:00:00,27.3,81.6,265.0,1.81
2023-11-27,12:00:00,28.0,79.4,273.0,1.78
2023-11-27,13:00:00,28.4,78.6,261.0,2.25
2023-11-27,14:00:00,29.4,76.4,252.0,2.84
2023-11-27,15:00:00,29.7,75.5,242.0,2.87
2023-11-27,16:00:00,29.5,76.0,234.0,3.03
2023-11-27,17:00:00,28.8,77.7,215.0,3.3
2023-11-28,06:00:00,23.4,91.4,240.0,2.06
2023-11-28,07:00:00,23.6,90.8,204.0,1.35
2023-11-28,08:00:00,24.7,87.3,259.0,2.61
2023-11-28,09:00:00,26.3,82.6,235.0,2.13
2023-11-28,10:00:00,27.6,78.6,233.0,1.92
2023-11-28,11:00:00,29.6,74.2,194.0,1.61
2023-11-28,12:00:00,30.6,71.5,190.0,2.06
2023-11-28,13:00:00,31.8,68.2,210.0,1.4
2023-11-28,14:00:00,31.6,69.4,245.0,2.77
2023-11-28,15:00:00,31.0,72.0,252.0,2.61
2023-11-28,16:00:00,30.8,72.3,232.0,2.79
2023-11-28,17:00:00,30.1,73.2,241.0,2.2
2023-11-29,06:00:00,22.9,89.8,302.0,1.33
2023-11-29,07:00:00,23.2,89.1,249.0,1.24
2023-11-29,08:00:00,23.8,87.7,267.0,1.16
2023-11-29,09:00:00,25.2,83.7,187.0,1.42
2023-11-29,10:00:00,26.6,80.2,149.0,1.36
2023-11-29,11:00:00,27.3,78.4,218.0,1.5
2023-11-29,12:00:00,28.2,76.4,184.0,1.71
2023-11-29,13:00:00,29.6,73.8,142.0,1.98
2023-11-29,14:00:00,30.2,73.1,161.0,2.27
2023-11-29,15:00:00,29.9,73.9,162.0,2.05
2023-11-29,16:00:00,30.3,73.3,158.0,1.56
2023-11-29,17:00:00,30.5,72.8,215.0,1.56
2023-11-30,06:00:00,23.5,90.2,258.0,0.947
2023-11-30,07:00:00,23.7,91.0,284.0,1.15
2023-11-30,08:00:00,24.1,90.7,286.0,0.954
2023-11-30,09:00:00,25.0,88.8,127.0,0.787
2023-11-30,10:00:00,25.6,87.1,128.0,0.959
2023-11-30,11:00:00,26.3,85.2,139.0,0.938
2023-11-30,12:00:00,27.8,80.9,157.0,1.51
2023-11-30,13:00:00,28.4,79.4,124.0,1.09
2023-11-30,14:00:00,29.5,76.8,154.0,1.34
2023-11-30,15:00:00,30.1,75.4,148.0,1.53
2023-11-30,16:00:00,30.5,74.6,145.0,1.83
2023-11-30,17:00:00,30.1,75.0,149.0,1.19
2023-12-01,06:00:00,23.4,92.0,224.0,0.93
2023-12-01,07:00:00,23.4,91.7,233.0,1.21
2023-12-01,08:00:00,23.6,91.3,244.0,1.1
2023-12-01,09:00:00,24.2,89.7,256.0,1.05
2023-12-01,10:00:00,25.6,86.1,229.0,1.31
2023-12-01,11:00:00,26.9,82.3,242.0,1.97
2023-12-01,12:00:00,27.1,81.3,225.0,1.89
2023-12-01,13:00:00,27.9,79.3,232.0,1.49
2023-12-01,14:00:00,28.6,77.4,222.0,1.16
2023-12-01,15:00:00,28.3,78.8,224.0,1.5
2023-12-01,16:00:00,28.4,78.7,235.0,1.7
2023-12-01,17:00:00,28.8,78.2,253.0,1.51
2023-12-02,06:00:00,24.0,84.6,261.0,1.29
2023-12-02,07:00:00,24.0,84.1,230.0,0.77
2023-12-02,08:00:00,24.9,82.3,256.0,0.707
2023-12-02,09:00:00,25.0,83.1,256.0,1.95
2023-12-02,10:00:00,26.9,79.3,225.0,1.58
2023-12-02,11:00:00,29.0,74.2,170.0,1.51
2023-12-02,12:00:00,29.6,72.6,221.0,1.07
2023-12-02,13:00:00,29.8,71.9,225.0,1.41
2023-12-02,14:00:00,30.0,72.2,203.0,0.803
2023-12-02,15:00:00,30.7,71.0,183.0,1.2
2023-12-02,16:00:00,31.1,69.5,173.0,1.36
2023-12-02,17:00:00,30.2,73.8,256.0,2.26
2023-12-03,06:00:00,22.0,91.5,236.0,1.47
2023-12-03,07:00:00,22.1,91.7,251.0,1.42
2023-12-03,08:00:00,23.3,88.2,250.0,0.975
2023-12-03,09:00:00,25.3,82.8,200.0,1.88
2023-12-03,10:00:00,26.2,80.8,213.0,1.85
2023-12-03,11:00:00,27.4,78.7,169.0,1.65
2023-12-03,12:00:00,28.0,77.6,120.0,1.47
2023-12-03,13:00:00,28.6,76.5,94.8,1.42
2023-12-03,14:00:00,29.2,74.9,135.0,1.27
2023-12-03,15:00:00,29.1,74.8,124.0,1.3
2023-12-03,16:00:00,29.0,74.8,169.0,1.05
2023-12-03,17:00:00,28.7,76.1,228.0,1.78
2023-12-04,06:00:00,21.8,96.4,256.0,2.01
2023-12-04,07:00:00,21.8,96.8,265.0,1.61
2023-12-04,08:00:00,23.4,90.7,264.0,0.977
2023-12-04,09:00:00,26.1,82.1,195.0,0.886
2023-12-04,10:00:00,27.2,78.7,232.0,1.91
2023-12-04,11:00:00,28.3,76.2,215.0,1.86
2023-12-04,12:00:00,29.8,74.2,159.0,2.04
2023-12-04,13:00:00,30.0,74.0,184.0,2.0
2023-12-04,14:00:00,29.9,74.7,169.0,1.85
2023-12-04,15:00:00,30.2,74.1,157.0,1.71
2023-12-04,16:00:00,30.4,74.1,215.0,1.53
2023-12-04,17:00:00,30.1,74.7,229.0,1.88
2023-12-05,06:00:00,23.5,89.1,278.0,1.18
2023-12-05,07:00:00,23.8,86.6,256.0,0.9
2023-12-05,08:00:00,23.8,87.3,216.0,1.12
2023-12-05,09:00:00,25.0,83.0,239.0,1.5
2023-12-05,10:00:00,25.8,81.1,244.0,2.12
2023-12-05,11:00:00,27.0,78.5,233.0,1.62
2023-12-05,12:00:00,27.9,76.5,219.0,1.84
2023-12-05,13:00:00,28.5,75.1,223.0,1.75
2023-12-05,14:00:00,28.6,75.6,176.0,1.67
2023-12-05,15:00:00,28.8,76.2,215.0,1.28
2023-12-05,16:00:00,28.8,76.5,190.0,1.36
2023-12-05,17:00:00,28.7,77.4,209.0,1.39
2023-12-06,06:00:00,23.4,93.4,296.0,0.427
2023-12-06,07:00:00,23.4,94.1,242.0,0.828
2023-12-06,08:00:00,24.8,89.8,130.0,0.67
2023-12-06,09:00:00,27.0,83.2,128.0,0.821
2023-12-06,10:00:00,28.2,81.2,214.0,1.43
2023-12-06,11:00:00,29.8,77.8,153.0,1.21
2023-12-06,12:00:00,29.6,77.6,151.0,1.33
2023-12-06,13:00:00,30.2,76.9,157.0,1.49
2023-12-06,14:00:00,29.8,77.9,170.0,1.86
2023-12-06,15:00:00,29.5,79.2,173.0,1.53
2023-12-06,16:00:00,29.4,79.5,184.0,2.23
2023-12-06,17:00:00,29.5,78.2,161.0,2.07
2023-12-07,06:00:00,23.3,99.9,274.0,0.813
2023-12-07,07:00:00,23.3,99.9,267.0,0.741
2023-12-07,08:00:00,23.7,99.9,236.0,0.897
2023-12-07,09:00:00,25.1,99.6,209.0,0.737
2023-12-07,10:00:00,26.6,92.2,158.0,1.33
2023-12-07,11:00:00,28.3,84.4,163.0,0.989
2023-12-07,12:00:00,27.9,85.6,153.0,1.6
2023-12-07,13:00:00,28.3,84.3,167.0,1.38
2023-12-07,14:00:00,29.1,82.0,164.0,1.11
2023-12-07,15:00:00,29.4,81.3,166.0,1.01
2023-12-07,16:00:00,29.1,81.6,206.0,1.32
2023-12-07,17:00:00,28.8,81.8,222.0,1.74
2023-12-08,06:00:00,23.7,98.7,256.0,0.883
2023-12-08,07:00:00,23.6,99.9,228.0,0.6
2023-12-08,08:00:00,24.6,96.2,257.0,1.78
2023-12-08,09:00:00,26.6,86.6,250.0,1.47
2023-12-08,10:00:00,27.9,80.8,236.0,2.26
2023-12-08,11:00:00,29.3,78.0,243.0,2.49
2023-12-08,12:00:00,30.4,75.2,240.0,2.57
2023-12-08,13:00:00,31.2,72.9,256.0,2.44
2023-12-08,14:00:00,30.7,74.2,257.0,1.25
2023-12-08,15:00:00,31.1,73.3,191.0,0.843
2023-12-08,16:00:00,31.6,71.6,213.0,1.34
2023-12-08,17:00:00,30.6,74.9,243.0,2.12
2023-12-09,06:00:00,24.1,92.1,247.0,0.623
2023-12-09,07:00:00,24.1,91.7,220.0,0.917
2023-12-09,08:00:00,24.3,90.7,218.0,1.13
2023-12-09,09:00:00,24.8,89.1,175.0,1.03
2023-12-09,10:00:00,25.7,86.3,187.0,0.96
2023-12-09,11:00:00,26.6,83.7,136.0,0.913
2023-12-09,12:00:00,27.0,81.4,198.0,1.21
2023-12-09,13:00:00,27.3,81.9,123.0,1.3
2023-12-09,14:00:00,27.4,82.2,152.0,0.997
2023-12-09,15:00:00,27.6,81.7,148.0,1.23
2023-12-09,16:00:00,27.4,82.7,156.0,0.57
2023-12-09,17:00:00,27.2,84.3,108.0,0.707
2023-12-10,06:00:00,23.7,93.4,218.0,0.943
2023-12-10,07:00:00,23.6,93.9,282.0,1.33
2023-12-10,08:00:00,25.2,88.7,161.0,0.827
2023-12-10,09:00:00,26.9,81.8,235.0,1.77
2023-12-10,10:00:00,27.8,78.7,226.0,2.39
2023-12-10,11:00:00,29.4,74.9,211.0,2.13
2023-12-10,12:00:00,30.0,74.0,223.0,1.8
2023-12-10,13:00:00,31.0,71.8,203.0,1.72
2023-12-10,14:00:00,31.4,70.7,250.0,2.06
2023-12-10,15:00:00,31.4,70.6,250.0,1.61
2023-12-10,16:00:00,31.8,70.0,244.0,1.55
2023-12-10,17:00:00,31.5,71.5,242.0,1.68
2023-12-27,06:00:00,22.2,99.9,228.0,2.4
2023-12-27,07:00:00,22.4,99.9,222.0,2.03
2023-12-27,08:00:00,22.4,99.9,235.0,2.13
2023-12-27,09:00:00,22.6,99.9,260.0,2.61
2023-12-27,10:00:00,23.5,99.9,256.0,1.96
2023-12-27,11:00:00,25.4,95.2,236.0,1.47
2023-12-27,12:00:00,26.9,88.4,194.0,1.38
2023-12-27,13:00:00,27.9,85.0,150.0,1.25
2023-12-27,14:00:00,27.2,86.5,176.0,1.1
2023-12-27,15:00:00,26.8,88.4,170.0,1.67
2023-12-27,16:00:00,26.2,91.0,175.0,2.33
2023-12-27,17:00:00,25.5,94.8,201.0,2.6
2023-12-28,06:00:00,22.7,99.9,227.0,0.351
2023-12-28,07:00:00,22.4,99.9,247.0,0.903
2023-12-28,08:00:00,22.0,99.9,101.0,0.313
2023-12-28,09:00:00,23.0,99.9,158.0,0.303
2023-12-28,10:00:00,24.0,94.3,156.0,0.677
2023-12-28,11:00:00,25.5,87.5,261.0,2.11
2023-12-28,12:00:00,27.1,80.1,235.0,2.42
2023-12-28,13:00:00,28.5,73.9,243.0,2.12
2023-12-28,14:00:00,29.2,73.7,258.0,1.43
2023-12-28,15:00:00,29.2,74.6,199.0,1.11
2023-12-28,16:00:00,28.9,77.6,130.0,1.05
2023-12-28,17:00:00,28.6,78.5,88.7,0.681
2023-12-31,06:00:00,24.0,99.3,273.0,1.81
2023-12-31,07:00:00,24.0,98.7,266.0,1.45
2023-12-31,08:00:00,24.3,95.4,195.0,0.748
2023-12-31,09:00:00,25.2,90.7,164.0,0.726
2023-12-31,10:00:00,26.2,87.5,136.0,0.673
2023-12-31,11:00:00,27.1,84.4,172.0,1.04
2023-12-31,12:00:00,28.2,82.0,158.0,1.47
2023-12-31,13:00:00,28.6,81.2,189.0,1.41
2023-12-31,14:00:00,29.7,79.0,129.0,1.24
2023-12-31,15:00:00,29.7,78.1,107.0,1.24
2023-12-31,16:00:00,29.7,78.1,166.0,0.836
2023-12-31,17:00:00,29.8,77.6,255.0,0.889
2024-01-01,06:00:00,23.6,92.05,261.5,1.43
2024-01-01,07:00:00,23.85,91.9,235.0,1.17
2024-01-01,08:00:00,24.0,92.95,179.65,0.9005000000000001
2024-01-01,09:00:00,24.950000000000003,89.6,258.5,0.8755
2024-01-01,10:00:00,26.4,86.19999999999999,168.5,1.54
2024-01-01,11:00:00,27.15,83.05000000000001,119.0,1.186
2024-01-01,12:00:00,27.5,82.05000000000001,215.5,0.9265
2024-01-01,13:00:00,27.4,83.8,164.0,1.1395
2024-01-01,14:00:00,27.75,83.6,128.0,0.8460000000000001
2024-01-01,15:00:00,28.700000000000003,81.95,130.5,0.9055
2024-01-01,16:00:00,28.55,82.45,147.5,0.8574999999999999
2024-01-01,17:00:00,28.45,82.75,134.0,0.499
2024-01-02,06:00:00,23.85,93.0,285.5,0.8375
2024-01-02,07:00:00,24.15,90.9,300.0,0.3405
2024-01-02,08:00:00,24.6,90.1,303.0,0.13365
2024-01-02,09:00:00,25.4,86.75,175.0,0.526
2024-01-02,10:00:00,26.35,82.94999999999999,180.5,0.7455
2024-01-02,11:00:00,27.950000000000003,79.05,154.5,0.99
2024-01-02,12:00:00,29.200000000000003,75.6,133.0,1.175
2024-01-02,13:00:00,29.25,75.65,126.5,1.42
2024-01-02,14:00:00,29.3,75.55,116.85,1.12
2024-01-02,15:00:00,29.25,76.35,114.5,1.32
2024-01-02,16:00:00,28.4,80.45,100.55,1.325
2024-01-02,17:00:00,27.75,82.55,99.65,1.2200000000000002
2024-01-03,06:00:00,23.35,99.35,246.0,1.67
2024-01-03,07:00:00,23.6,97.95,262.0,1.43
2024-01-03,08:00:00,24.15,95.15,239.5,1.2799999999999998
2024-01-03,09:00:00,25.05,90.25,263.0,1.3250000000000002
2024-01-03,10:00:00,26.1,85.25,245.0,1.0825
2024-01-03,11:00:00,27.4,81.2,236.0,1.295
2024-01-03,12:00:00,27.9,79.9,182.5,1.1105
2024-01-03,13:00:00,28.25,79.9,123.0,0.7075
2024-01-03,14:00:00,28.05,80.45,227.0,0.914
2024-01-03,15:00:00,27.55,82.9,190.5,0.7755000000000001
2024-01-03,16:00:00,27.05,85.0,166.0,0.8089999999999999
2024-01-03,17:00:00,27.15,84.8,186.0,0.482
2024-01-04,06:00:00,23.5,99.9,156.4,0.7384999999999999
2024-01-04,07:00:00,23.45,99.9,230.0,1.33
2024-01-04,08:00:00,24.1,98.25,243.0,1.6
2024-01-04,09:00:00,25.9,90.95,240.5,1.635
2024-01-04,10:00:00,27.25,87.05,148.0,1.36
2024-01-04,11:00:00,27.5,86.65,182.5,1.235
2024-01-04,12:00:00,27.5,87.0,264.5,1.7400000000000002
2024-01-04,13:00:00,28.1,85.4,149.0,1.139
2024-01-04,14:00:00,28.200000000000003,84.4,169.5,1.59
2024-01-04,15:00:00,29.0,81.55000000000001,164.0,1.87
2024-01-04,16:00:00,28.85,81.30000000000001,216.0,1.975
2024-01-04,17:00:00,28.55,81.6,217.5,1.73
2024-01-05,06:00:00,23.450000000000003,99.1,225.5,1.3385
2024-01-05,07:00:00,23.15,99.9,164.0,0.69
2024-01-05,08:00:00,24.7,95.25,123.5,0.947
2024-01-05,09:00:00,26.5,87.5,130.0,1.045
2024-01-05,10:00:00,27.25,84.15,153.5,0.9035
2024-01-05,11:00:00,27.1,83.7,118.0,0.8485
2024-01-05,12:00:00,27.25,83.05000000000001,122.4,0.7165
2024-01-05,13:00:00,28.05,81.35,102.45,0.887
2024-01-05,14:00:00,28.6,79.8,142.0,0.925
2024-01-05,15:00:00,29.35,77.8,111.25,1.15
2024-01-05,16:00:00,29.75,76.55,125.5,1.185
2024-01-05,17:00:00,30.45,74.0,177.0,0.823
2024-01-06,06:00:00,24.200000000000003,97.45,239.5,0.893
2024-01-06,07:00:00,24.4,96.8,175.0,0.8865000000000001
2024-01-06,08:00:00,25.05,94.85,175.0,0.6775
2024-01-06,09:00:00,26.200000000000003,90.55,136.0,0.735
2024-01-06,10:00:00,27.15,87.1,244.5,1.805
2024-01-06,11:00:00,28.05,83.55,249.0,1.375
2024-01-06,12:00:00,28.2,82.75,209.0,1.1915
2024-01-06,13:00:00,28.05,82.85,219.0,0.7515000000000001
2024-01-06,14:00:00,27.25,88.1,165.5,1.1515
2024-01-06,15:00:00,27.9,85.75,235.0,1.775
2024-01-06,16:00:00,28.55,83.4,255.5,2.0700000000000003
2024-01-06,17:00:00,28.15,84.15,250.0,2.62
2024-01-07,06:00:00,24.85,92.05,237.5,1.375
2024-01-07,07:00:00,25.05,90.9,258.5,1.465
2024-01-07,08:00:00,25.5,89.7,258.0,1.23
2024-01-07,09:00:00,26.1,88.35,194.0,0.7785
2024-01-07,10:00:00,27.1,84.8,154.0,0.7335
2024-01-07,11:00:00,27.85,82.55000000000001,198.0,1.23
2024-01-07,12:00:00,28.25,81.69999999999999,173.0,0.986
2024-01-07,13:00:00,29.3,79.25,166.5,1.022
2024-01-07,14:00:00,29.3,78.9,251.5,1.465
2024-01-07,15:00:00,28.65,81.94999999999999,211.5,1.365
2024-01-07,16:00:00,28.0,84.45,226.0,1.995
2024-01-07,17:00:00,27.55,84.4,237.5,2.315
2024-01-08,06:00:00,24.3,95.95,197.0,0.3215
2024-01-08,07:00:00,24.5,95.4,202.5,0.5775
2024-01-08,08:00:00,25.1,92.7,188.5,1.19
2024-01-08,09:00:00,26.25,88.4,164.5,1.46
2024-01-08,10:00:00,27.25,85.15,114.0,1.45
2024-01-08,11:00:00,28.45,82.35,183.5,2.02
2024-01-08,12:00:00,30.0,78.05000000000001,182.5,1.595
2024-01-08,13:00:00,30.450000000000003,76.55,181.0,1.545
2024-01-08,14:00:00,30.4,76.65,191.5,1.245
2024-01-08,15:00:00,31.55,73.55000000000001,158.95,0.991
2024-01-08,16:00:00,31.15,74.1,191.0,1.2375
2024-01-08,17:00:00,30.3,77.15,213.0,2.055
2024-01-09,06:00:00,24.5,93.7,252.5,0.482
2024-01-09,07:00:00,24.55,93.85,148.0,0.377
2024-01-09,08:00:00,24.8,92.9,124.5,0.6455
2024-01-09,09:00:00,25.45,90.9,105.2,0.7725
2024-01-09,10:00:00,25.8,90.1,129.4,1.41
2024-01-09,11:00:00,26.6,88.25,162.0,1.39
2024-01-09,12:00:00,27.35,85.85,120.5,1.315
2024-01-09,13:00:00,28.7,81.8,186.0,1.225
2024-01-09,14:00:00,29.55,78.80000000000001,158.0,0.926
2024-01-09,15:00:00,30.25,77.0,149.5,1.155
2024-01-09,16:00:00,29.8,78.95,116.5,1.155
2024-01-09,17:00:00,29.3,79.65,98.4,1.325
2024-01-10,06:00:00,24.55,99.9,241.5,1.645
2024-01-10,07:00:00,24.55,99.9,264.5,1.405
2024-01-10,08:00:00,25.450000000000003,98.6,275.0,0.84
2024-01-10,09:00:00,26.85,92.0,245.0,1.1775
2024-01-10,10:00:00,27.6,89.05,194.5,1.505
2024-01-10,11:00:00,28.5,86.35,118.5,1.515
2024-01-10,12:00:00,29.25,83.85,110.0,1.495
2024-01-10,13:00:00,29.05,83.95,168.0,1.4645
2024-01-10,14:00:00,28.6,86.45,223.0,1.895
2024-01-10,15:00:00,28.8,86.55000000000001,254.5,3.265
2024-01-10,16:00:00,29.1,83.44999999999999,254.5,2.7750000000000004
2024-01-10,17:00:00,28.45,86.7,253.0,2.23
2024-01-12,06:00:00,23.75,98.6,202.05,0.779
2024-01-12,07:00:00,24.0,99.9,232.0,0.3935
2024-01-12,08:00:00,24.950000000000003,98.75,183.0,0.8535
2024-01-12,09:00:00,25.9,93.05,251.0,2.14
2024-01-12,10:00:00,26.65,89.65,249.5,2.185
2024-01-12,11:00:00,28.15,84.44999999999999,263.0,1.66
2024-01-12,12:00:00,29.05,81.35,256.0,1.27
2024-01-12,13:00:00,29.65,79.1,212.0,1.165
2024-01-12,14:00:00,30.35,78.0,127.45,0.9765
2024-01-12,15:00:00,31.15,76.15,143.0,1.0055
2024-01-12,16:00:00,31.0,76.55000000000001,112.0,1.185
2024-01-12,17:00:00,30.55,77.55,121.45,0.78
2024-01-13,06:00:00,23.95,99.9,229.0,0.868
2024-01-13,07:00:00,23.75,99.9,215.5,1.52
2024-01-13,08:00:00,24.25,99.9,163.95,1.325
2024-01-13,09:00:00,25.2,99.9,143.5,1.0415
2024-01-13,10:00:00,26.200000000000003,98.2,77.25,0.6365
2024-01-13,11:00:00,27.35,90.0,123.0,0.7685
2024-01-13,12:00:00,28.2,86.75,239.0,1.075
2024-01-13,13:00:00,29.05,84.85,173.5,1.355
2024-01-13,14:00:00,28.6,85.1,149.5,0.9705
2024-01-13,15:00:00,29.05,83.75,123.5,0.61
2024-01-13,16:00:00,30.05,79.85,139.75,0.65
2024-01-13,17:00:00,30.5,78.45,148.5,0.5995
2024-01-14,06:00:00,24.0,99.9,250.5,1.61
2024-01-14,07:00:00,24.15,99.9,248.5,1.715
2024-01-14,08:00:00,24.5,99.9,243.0,1.245
2024-01-14,09:00:00,25.0,98.05,246.5,0.9455
2024-01-14,10:00:00,25.55,94.55,254.5,1.2675
2024-01-14,11:00:00,25.6,95.05,250.0,1.255
2024-01-14,12:00:00,26.95,89.85,215.0,0.7024999999999999
2024-01-14,13:00:00,28.25,85.5,159.5,1.1800000000000002
2024-01-14,14:00:00,28.75,83.9,217.5,1.0365
2024-01-14,15:00:00,29.05,82.45,167.0,0.9115
2024-01-14,16:00:00,28.55,85.15,190.5,0.6295
2024-01-14,17:00:00,28.45,85.5,245.5,1.3199999999999998
2024-01-16,06:00:00,24.25,95.5,249.0,1.31
2024-01-16,07:00:00,24.3,93.45,264.0,0.9385
2024-01-16,08:00:00,25.25,89.9,106.75,0.384
2024-01-16,09:00:00,26.75,85.3,165.0,0.9055
2024-01-16,10:00:00,27.35,81.7,215.0,1.193
2024-01-16,11:00:00,28.9,77.9,164.0,1.335
2024-01-16,12:00:00,30.15,75.55,118.0,1.255
2024-01-16,13:00:00,30.55,74.85,182.0,0.982
2024-01-16,14:00:00,30.5,76.25,134.0,1.0165
2024-01-16,15:00:00,29.95,77.95,146.5,1.105
2024-01-16,16:00:00,29.8,78.45,91.7,0.834
2024-01-16,17:00:00,29.45,79.7,126.5,0.611
2024-01-17,06:00:00,24.55,98.35,279.5,1.104
2024-01-17,07:00:00,24.75,99.1,269.5,0.294
2024-01-17,08:00:00,25.950000000000003,94.05,247.0,0.297
2024-01-17,09:00:00,27.55,88.05000000000001,169.0,0.601
2024-01-17,10:00:00,28.15,86.69999999999999,122.5,0.764
2024-01-17,11:00:00,28.15,87.8,197.0,1.21
2024-01-17,12:00:00,29.45,83.8,204.5,1.0739999999999998
2024-01-17,13:00:00,29.6,83.65,145.5,0.997
2024-01-17,14:00:00,30.05,82.0,181.5,1.068
2024-01-17,15:00:00,29.65,82.0,189.5,2.075
2024-01-17,16:00:00,30.3,80.7,205.5,1.17
2024-01-17,17:00:00,30.1,80.19999999999999,221.0,1.1855
2024-01-19,06:00:00,24.35,99.9,290.5,0.471
2024-01-19,07:00:00,24.55,99.9,182.5,0.5045
2024-01-19,08:00:00,24.9,99.9,199.0,0.6395
2024-01-19,09:00:00,25.8,95.35,141.5,1.29
2024-01-19,10:00:00,27.0,90.1,134.0,1.1
2024-01-19,11:00:00,28.05,84.55,185.5,1.1349999999999998
2024-01-19,12:00:00,28.35,83.65,182.5,1.11
2024-01-19,13:00:00,28.75,83.4,164.0,0.8240000000000001
2024-01-19,14:00:00,29.3,82.05,129.2,0.7335
2024-01-19,15:00:00,30.1,80.15,150.5,0.8180000000000001
2024-01-19,16:00:00,30.25,79.85,148.0,0.676
2024-01-19,17:00:00,30.0,80.45,161.5,0.696
2024-01-20,06:00:00,25.0,99.9,231.5,0.502
2024-01-20,07:00:00,25.1,99.9,257.5,0.591
2024-01-20,08:00:00,25.85,99.75,116.1,0.5840000000000001
2024-01-20,09:00:00,26.55,96.3,121.0,0.875
2024-01-20,10:00:00,27.05,93.0,160.0,1.1615
2024-01-20,11:00:00,28.15,86.8,170.0,1.1749999999999998
2024-01-20,12:00:00,27.65,89.05000000000001,171.0,1.265
2024-01-20,13:00:00,27.75,89.6,93.55,1.19
2024-01-20,14:00:00,28.55,86.6,119.0,1.0825
2024-01-20,15:00:00,28.45,87.0,92.25,0.7050000000000001
2024-01-20,16:00:00,28.5,87.4,146.0,1.3345
2024-01-20,17:00:00,26.25,97.2,89.44999999999999,0.9995
2024-01-22,06:00:00,24.15,99.9,195.0,0.881
2024-01-22,07:00:00,24.35,99.9,203.5,0.683
2024-01-22,08:00:00,24.8,99.9,219.5,0.6765
2024-01-22,09:00:00,25.6,99.9,190.0,0.8600000000000001
2024-01-22,10:00:00,26.8,98.5,230.0,1.38
2024-01-22,11:00:00,29.05,86.3,223.0,1.255
2024-01-22,12:00:00,29.05,87.65,105.55,1.11
2024-01-22,13:00:00,28.9,88.85,160.5,1.855
2024-01-22,14:00:00,28.75,89.05,164.5,1.52
2024-01-22,15:00:00,29.85,85.25,168.5,1.63
2024-01-22,16:00:00,30.5,81.8,186.5,1.745
2024-01-22,17:00:00,30.15,83.25,207.0,1.805
